<?xml version="1.0" encoding="UTF-8"?>
<project-private xmlns="http://www.netbeans.org/ns/project-private/1">
    <editor-bookmarks xmlns="http://www.netbeans.org/ns/editor-bookmarks/2" lastBookmarkId="0"/>
    <open-files xmlns="http://www.netbeans.org/ns/projectui-open-files/2">
        <group>
            <file>file:/C:/Users/IBB%20Teilnehmer/Documents/JavaAufbaukurs/MineSweeper/src/de/rh/minesweeper/SpielFenster.java</file>
            <file>file:/C:/Users/IBB%20Teilnehmer/Documents/JavaAufbaukurs/MineSweeper/src/de/rh/minesweeper/Zelle.java</file>
            <file>file:/C:/Users/IBB%20Teilnehmer/Documents/JavaAufbaukurs/MineSweeper/src/de/rh/minesweeper/SpielPanel.java</file>
            <file>file:/C:/Users/IBB%20Teilnehmer/Documents/JavaAufbaukurs/MineSweeper/src/de/rh/minesweeper/Settings.java</file>
            <file>file:/C:/Users/IBB%20Teilnehmer/Documents/JavaAufbaukurs/MineSweeper/src/de/rh/minesweeper/MineSweeper.java</file>
            <file>file:/C:/Users/IBB%20Teilnehmer/Documents/JavaAufbaukurs/MineSweeper/src/de/rh/minesweeper/ButtonAction.java</file>
            <file>file:/C:/Users/IBB%20Teilnehmer/Documents/JavaAufbaukurs/MineSweeper/src/de/rh/minesweeper/db/Bestenliste.java</file>
        </group>
    </open-files>
</project-private>
