<?xml version="1.0" encoding="UTF-8"?>
<project-private xmlns="http://www.netbeans.org/ns/project-private/1">
    <editor-bookmarks xmlns="http://www.netbeans.org/ns/editor-bookmarks/2" lastBookmarkId="0"/>
    <open-files xmlns="http://www.netbeans.org/ns/projectui-open-files/2">
        <group>
            <file>file:/C:/Users/Dorothea%20Eggers/Documents/NetBeansProjects/ProjektDEggers/src/view/dialogs/SettingsDialog.java</file>
            <file>file:/C:/Users/Dorothea%20Eggers/Documents/NetBeansProjects/ProjektDEggers/src/view/GUI.java</file>
            <file>file:/C:/Users/Dorothea%20Eggers/Documents/NetBeansProjects/ProjektDEggers/src/controller/Controller.java</file>
            <file>file:/C:/Users/Dorothea%20Eggers/Documents/NetBeansProjects/ProjektDEggers/src/view/editors/NewJFrame.java</file>
            <file>file:/C:/Users/Dorothea%20Eggers/Documents/NetBeansProjects/ProjektDEggers/src/view/editors/CourseEditPanel.java</file>
            <file>file:/C:/Users/Dorothea%20Eggers/Documents/NetBeansProjects/ProjektDEggers/src/view/editors/ContactEditPanel.java</file>
        </group>
    </open-files>
</project-private>
