<?xml version="1.0" encoding="UTF-8"?>
<!DOCTYPE glassfish-web-app PUBLIC "-//GlassFish.org//DTD GlassFish Application Server 3.1 Servlet 3.0//EN" "http://glassfish.org/dtds/glassfish-web-app_3_0-1.dtd">
<glassfish-web-app error-url="">
  <context-root>/onlineshop-war</context-root>
  <security-role-mapping>
    <role-name>chef</role-name>
    <group-name>chef</group-name>
  </security-role-mapping>
  <security-role-mapping>
    <role-name>benutzer</role-name>
    <group-name>benutzer</group-name>
  </security-role-mapping>
</glassfish-web-app>
