<?xml version="1.0" encoding="UTF-8"?>
<project-private xmlns="http://www.netbeans.org/ns/project-private/1">
    <editor-bookmarks xmlns="http://www.netbeans.org/ns/editor-bookmarks/2" lastBookmarkId="0"/>
    <open-files xmlns="http://www.netbeans.org/ns/projectui-open-files/2">
        <group>
            <file>file:/C:/Users/IBB%20Teilnehmer/Desktop/Stefan%20Truong%20Projekt%20Java%20Basics/src/Projekt_Taxi/Roboter.java</file>
            <file>file:/C:/Users/IBB%20Teilnehmer/Desktop/Stefan%20Truong%20Projekt%20Java%20Basics/src/Projekt_Taxi/Fahrer.java</file>
            <file>file:/C:/Users/IBB%20Teilnehmer/Desktop/Stefan%20Truong%20Projekt%20Java%20Basics/src/Projekt_Taxi/Person.java</file>
            <file>file:/C:/Users/IBB%20Teilnehmer/Desktop/Stefan%20Truong%20Projekt%20Java%20Basics/src/Projekt_Taxi/Busfahrer.java</file>
            <file>file:/C:/Users/IBB%20Teilnehmer/Desktop/Stefan%20Truong%20Projekt%20Java%20Basics/src/Projekt_Taxi/Zielorte.java</file>
            <file>file:/C:/Users/IBB%20Teilnehmer/Desktop/Stefan%20Truong%20Projekt%20Java%20Basics/src/Projekt_Taxi/Reiseunternehmen.java</file>
        </group>
    </open-files>
</project-private>
