<?xml version="1.0" encoding="UTF-8"?>
<project-private xmlns="http://www.netbeans.org/ns/project-private/1">
    <editor-bookmarks xmlns="http://www.netbeans.org/ns/editor-bookmarks/2" lastBookmarkId="0"/>
    <open-files xmlns="http://www.netbeans.org/ns/projectui-open-files/2">
        <group>
            <file>file:/C:/Users/IBB%20Teilnehmer/Desktop/Gui%20Projekt%202.1/src/Gui_Projekt/Bodenplatte.java</file>
            <file>file:/C:/Users/IBB%20Teilnehmer/Desktop/Gui%20Projekt%202.1/src/Gui_Projekt/Hauptteil.java</file>
            <file>file:/C:/Users/IBB%20Teilnehmer/Desktop/Gui%20Projekt%202.1/src/Gui_Projekt/Raster.java</file>
        </group>
    </open-files>
</project-private>
