<?xml version="1.0" encoding="UTF-8"?>
<project-private xmlns="http://www.netbeans.org/ns/project-private/1">
    <editor-bookmarks xmlns="http://www.netbeans.org/ns/editor-bookmarks/2" lastBookmarkId="0"/>
    <open-files xmlns="http://www.netbeans.org/ns/projectui-open-files/2">
        <group>
            <file>file:/C:/Users/Teilnehmer/Documents/NetBeansProjects/Beispiele/Erpegenia/src/de/friqql/erpegenia/dialogs/bad/C2bad.java</file>
            <file>file:/C:/Users/Teilnehmer/Documents/NetBeansProjects/Beispiele/Erpegenia/src/de/friqql/erpegenia/panels/chaps/Chap8.java</file>
            <file>file:/C:/Users/Teilnehmer/Documents/NetBeansProjects/Beispiele/Erpegenia/src/de/friqql/erpegenia/panels/chaps/Chap5.java</file>
            <file>file:/C:/Users/Teilnehmer/Documents/NetBeansProjects/Beispiele/Erpegenia/src/de/friqql/erpegenia/story/Story1.java</file>
            <file>file:/C:/Users/Teilnehmer/Documents/NetBeansProjects/Beispiele/Erpegenia/src/de/friqql/erpegenia/db/Spielerliste.java</file>
            <file>file:/C:/Users/Teilnehmer/Documents/NetBeansProjects/Beispiele/Erpegenia/src/de/friqql/erpegenia/io/Version.java</file>
            <file>file:/C:/Users/Teilnehmer/Documents/NetBeansProjects/Beispiele/Erpegenia/src/de/friqql/erpegenia/dialogs/bad/C3bad.java</file>
            <file>file:/C:/Users/Teilnehmer/Documents/NetBeansProjects/Beispiele/Erpegenia/src/de/friqql/erpegenia/texts/DialogTexts.java</file>
            <file>file:/C:/Users/Teilnehmer/Documents/NetBeansProjects/Beispiele/Erpegenia/src/de/friqql/erpegenia/dialogs/good/C7good.java</file>
            <file>file:/C:/Users/Teilnehmer/Documents/NetBeansProjects/Beispiele/Erpegenia/src/de/friqql/erpegenia/dialogs/bad/C5bad.java</file>
            <file>file:/C:/Users/Teilnehmer/Documents/NetBeansProjects/Beispiele/Erpegenia/src/de/friqql/erpegenia/Erpegenia.java</file>
            <file>file:/C:/Users/Teilnehmer/Documents/NetBeansProjects/Beispiele/Erpegenia/src/de/friqql/erpegenia/dialogs/good/C4good.java</file>
            <file>file:/C:/Users/Teilnehmer/Documents/NetBeansProjects/Beispiele/Erpegenia/src/de/friqql/erpegenia/interfaces/HasTextsMaps.java</file>
            <file>file:/C:/Users/Teilnehmer/Documents/NetBeansProjects/Beispiele/Erpegenia/src/de/friqql/erpegenia/panels/chaps/Chap2.java</file>
            <file>file:/C:/Users/Teilnehmer/Documents/NetBeansProjects/Beispiele/Erpegenia/src/de/friqql/erpegenia/dialogs/Bestenliste.java</file>
            <file>file:/C:/Users/Teilnehmer/Documents/NetBeansProjects/Beispiele/Erpegenia/src/de/friqql/erpegenia/dialogs/bad/C4bad.java</file>
            <file>file:/C:/Users/Teilnehmer/Documents/NetBeansProjects/Beispiele/Erpegenia/src/de/friqql/erpegenia/dialogs/good/C3good.java</file>
            <file>file:/C:/Users/Teilnehmer/Documents/NetBeansProjects/Beispiele/Erpegenia/src/de/friqql/erpegenia/texts/ChapterTexts.java</file>
            <file>file:/C:/Users/Teilnehmer/Documents/NetBeansProjects/Beispiele/Erpegenia/src/de/friqql/erpegenia/panels/vor/Vor3.java</file>
            <file>file:/C:/Users/Teilnehmer/Documents/NetBeansProjects/Beispiele/Erpegenia/src/de/friqql/erpegenia/dialogs/good/C6good.java</file>
            <file>file:/C:/Users/Teilnehmer/Documents/NetBeansProjects/Beispiele/Erpegenia/src/de/friqql/erpegenia/dialogs/bad/C8bad.java</file>
            <file>file:/C:/Users/Teilnehmer/Documents/NetBeansProjects/Beispiele/Erpegenia/src/de/friqql/erpegenia/dialogs/bad/C6bad.java</file>
            <file>file:/C:/Users/Teilnehmer/Documents/NetBeansProjects/Beispiele/Erpegenia/src/de/friqql/erpegenia/panels/deco/North.java</file>
            <file>file:/C:/Users/Teilnehmer/Documents/NetBeansProjects/Beispiele/Erpegenia/src/de/friqql/erpegenia/panels/chaps/Chap9.java</file>
            <file>file:/C:/Users/Teilnehmer/Documents/NetBeansProjects/Beispiele/Erpegenia/src/de/friqql/erpegenia/dialogs/good/C1good.java</file>
            <file>file:/C:/Users/Teilnehmer/Documents/NetBeansProjects/Beispiele/Erpegenia/src/de/friqql/erpegenia/panels/deco/South.java</file>
            <file>file:/C:/Users/Teilnehmer/Documents/NetBeansProjects/Beispiele/Erpegenia/src/de/friqql/erpegenia/db/ReadTexts/ReadChapterTexts.java</file>
            <file>file:/C:/Users/Teilnehmer/Documents/NetBeansProjects/Beispiele/Erpegenia/src/de/friqql/erpegenia/dialogs/good/C9good.java</file>
            <file>file:/C:/Users/Teilnehmer/Documents/NetBeansProjects/Beispiele/Erpegenia/src/de/friqql/erpegenia/panels/chaps/Chap3.java</file>
            <file>file:/C:/Users/Teilnehmer/Documents/NetBeansProjects/Beispiele/Erpegenia/src/de/friqql/erpegenia/panels/chaps/Chap6.java</file>
            <file>file:/C:/Users/Teilnehmer/Documents/NetBeansProjects/Beispiele/Erpegenia/src/de/friqql/erpegenia/dialogs/bad/C7bad.java</file>
            <file>file:/C:/Users/Teilnehmer/Documents/NetBeansProjects/Beispiele/Erpegenia/src/de/friqql/erpegenia/panels/end/End.java</file>
            <file>file:/C:/Users/Teilnehmer/Documents/NetBeansProjects/Beispiele/Erpegenia/src/de/friqql/erpegenia/dialogs/good/C8good.java</file>
            <file>file:/C:/Users/Teilnehmer/Documents/NetBeansProjects/Beispiele/Erpegenia/src/de/friqql/erpegenia/panels/vor/Vor2.java</file>
            <file>file:/C:/Users/Teilnehmer/Documents/NetBeansProjects/Beispiele/Erpegenia/src/de/friqql/erpegenia/dialogs/good/C5good.java</file>
            <file>file:/C:/Users/Teilnehmer/Documents/NetBeansProjects/Beispiele/Erpegenia/src/de/friqql/erpegenia/dialogs/good/C2good.java</file>
            <file>file:/C:/Users/Teilnehmer/Documents/NetBeansProjects/Beispiele/Erpegenia/src/de/friqql/erpegenia/texts/Texts.java</file>
            <file>file:/C:/Users/Teilnehmer/Documents/NetBeansProjects/Beispiele/Erpegenia/src/de/friqql/erpegenia/story/Story.java</file>
            <file>file:/C:/Users/Teilnehmer/Documents/NetBeansProjects/Beispiele/Erpegenia/src/de/friqql/erpegenia/dialogs/bad/C9bad.java</file>
            <file>file:/C:/Users/Teilnehmer/Documents/NetBeansProjects/Beispiele/Erpegenia/src/de/friqql/erpegenia/panels/chaps/Chap4.java</file>
            <file>file:/C:/Users/Teilnehmer/Documents/NetBeansProjects/Beispiele/Erpegenia/src/de/friqql/erpegenia/dialogs/Spieler.java</file>
            <file>file:/C:/Users/Teilnehmer/Documents/NetBeansProjects/Beispiele/Erpegenia/src/de/friqql/erpegenia/panels/chaps/Chap7.java</file>
            <file>file:/C:/Users/Teilnehmer/Documents/NetBeansProjects/Beispiele/Erpegenia/src/de/friqql/erpegenia/db/ReadTexts/ReadDialogTexts.java</file>
            <file>file:/C:/Users/Teilnehmer/Documents/NetBeansProjects/Beispiele/Erpegenia/src/de/friqql/erpegenia/panels/vor/Vor1.java</file>
            <file>file:/C:/Users/Teilnehmer/Documents/NetBeansProjects/Beispiele/Erpegenia/src/de/friqql/erpegenia/panels/chaps/Chap1.java</file>
            <file>file:/C:/Users/Teilnehmer/Documents/NetBeansProjects/Beispiele/Erpegenia/src/de/friqql/erpegenia/dialogs/bad/C1bad.java</file>
        </group>
    </open-files>
</project-private>
