<?xml version="1.0" encoding="UTF-8"?>
<project-private xmlns="http://www.netbeans.org/ns/project-private/1">
    <editor-bookmarks xmlns="http://www.netbeans.org/ns/editor-bookmarks/2" lastBookmarkId="0"/>
    <open-files xmlns="http://www.netbeans.org/ns/projectui-open-files/2">
        <group>
            <file>file:/C:/myJava-Basicskurs-Programs/Schachbrett_2016-12-09_neu/Schachbrett/src/schachbrett/Schachspiel.java</file>
            <file>file:/C:/myJava-Basicskurs-Programs/Schachbrett_2016-12-09_neu/Schachbrett/src/schachbrett/Regeln.java</file>
            <file>file:/C:/myJava-Basicskurs-Programs/Schachbrett_2016-12-09_neu/Schachbrett/src/schachbrett/Figur.java</file>
            <file>file:/C:/myJava-Basicskurs-Programs/Schachbrett_2016-12-09_neu/Schachbrett/src/schachbrett/Bauer.java</file>
            <file>file:/C:/myJava-Basicskurs-Programs/Schachbrett_2016-12-09_neu/Schachbrett/src/schachbrett/Spielbrett.java</file>
        </group>
    </open-files>
</project-private>
